mysql> SHOW TABLES;
+-----------------------------------------+
| Tables_in_Друзья_человека               |
+-----------------------------------------+
| Все_животные                            |
| Вьючные_животные                        |
| Домашние_животные                       |
| Животные                                |
| Лошади_и_ослы                           |
| Молодые_животные                        |
+-----------------------------------------+
6 rows in set (0,05 sec)

mysql> SELECT * FROM Все_животные;
+------+----------------+---------------------------+-----------------------------------+
| id   | имя            | дата_рождения             | таблица                           |
+------+----------------+---------------------------+-----------------------------------+
|    1 | Бобик          | 2020-01-01                | Животные                          |
|    2 | Мурка          | 2021-02-01                | Животные                          |
|    3 | Буцефал        | 2019-03-01                | Животные                          |
|    1 | NULL           | NULL                      | Домашние_животные                 |
|    2 | NULL           | NULL                      | Домашние_животные                 |
|    3 | NULL           | NULL                      | Вьючные_животные                  |
|    2 | Мурка          | 2021-02-01                | Молодые_животные                  |
+------+----------------+---------------------------+-----------------------------------+
7 rows in set (0,12 sec)

mysql> SELECT * FROM Вьючные_животные;
+----+---------------------+
| id | животное_id         |
+----+---------------------+
|  1 |                   3 |
+----+---------------------+
1 row in set (0,15 sec)

mysql> SELECT * FROM Домашние_животные;
+----+---------------------+----------------+
| id | животное_id         | команда        |
+----+---------------------+----------------+
|  1 |                   1 | Сидеть         |
|  2 |                   2 | Лежать         |
+----+---------------------+----------------+
2 rows in set (0,03 sec)

mysql> SELECT * FROM Животные;
+----+----------------+---------------------------+
| id | имя            | дата_рождения             |
+----+----------------+---------------------------+
|  1 | Бобик          | 2020-01-01                |
|  2 | Мурка          | 2021-02-01                |
|  3 | Буцефал        | 2019-03-01                |
+----+----------------+---------------------------+
3 rows in set (0,00 sec)

mysql> SELECT * FROM Лошади_и_ослы;
Empty set (0,09 sec)

mysql> SELECT * FROM Молодые_животные;
+----+------------+---------------------------+----------------------------------+
| id | имя        | дата_рождения             | возраст_в_месяцах                |
+----+------------+---------------------------+----------------------------------+
|  2 | Мурка      | 2021-02-01                |                               44 |
+----+------------+---------------------------+----------------------------------+
1 row in set (0,08 sec)
